{
  "tile": "+47+008",
  "runs": 1,
  "normalize_seconds": 0.027941,
  "publish_seconds": 0.034765,
  "normalize_max_seconds": 5.0,
  "publish_max_seconds": 5.0,
  "timestamp": "2025-12-28T06:54:42.029391+00:00"
}